-- phpMyAdmin SQL Dump
-- version 4.5.1
-- http://www.phpmyadmin.net
--
-- Host: localhost:3306
-- Erstellungszeit: 09. Feb 2018 um 10:24
-- Server-Version: 5.5.54-0ubuntu0.12.04.1
-- PHP-Version: 5.5.30

SET SQL_MODE = "NO_AUTO_VALUE_ON_ZERO";
SET time_zone = "+00:00";


/*!40101 SET @OLD_CHARACTER_SET_CLIENT=@@CHARACTER_SET_CLIENT */;
/*!40101 SET @OLD_CHARACTER_SET_RESULTS=@@CHARACTER_SET_RESULTS */;
/*!40101 SET @OLD_COLLATION_CONNECTION=@@COLLATION_CONNECTION */;
/*!40101 SET NAMES utf8mb4 */;

--
-- Datenbank: `aids`
--

-- --------------------------------------------------------

--
-- Tabellenstruktur für Tabelle `boss`
--

CREATE TABLE `boss` (
  `ID` int(10) NOT NULL,
  `name` varchar(255) NOT NULL
) ENGINE=InnoDB DEFAULT CHARSET=utf8;

--
-- Daten für Tabelle `boss`
--

INSERT INTO `boss` (`ID`, `name`) VALUES
(1, 'Ohne Schild'),
(2, 'Ohne Flask'),
(3, 'Ohne Rüstung'),
(4, 'Fatroll'),
(5, 'Zufällige Waffe'),
(6, 'Waffe linke Hand'),
(7, 'Nur RT'),
(8, 'Lumbe'),
(9, 'Normal'),
(10, 'Ohne Ringe'),
(11, 'Ohne Alles'),
(12, 'Crap Ringe');

-- --------------------------------------------------------

--
-- Tabellenstruktur für Tabelle `kills`
--

CREATE TABLE `kills` (
  `ID` int(10) NOT NULL,
  `name` varchar(255) NOT NULL,
  `joker` int(10) NOT NULL,
  `spent` int(10) NOT NULL,
  `bossNames` text NOT NULL
) ENGINE=InnoDB DEFAULT CHARSET=utf8;

--
-- Daten für Tabelle `kills`
--

INSERT INTO `kills` (`ID`, `name`, `joker`, `spent`, `bossNames`) VALUES
(1, 'Biber', 5, 4, 'The Last Giant\r\nOld Dragonslayer\r\nFlexible Sentry\r\nBelfry Gargoyles\r\nGiant Lord'),
(2, 'Katz', 7, 4, 'The Lost Sinner\r\nSkeleton Lords\r\nCovetous Demon\r\nRoyal Rat Authority\r\nDragonriderz\r\nDemon of Song\r\nVelstadt, the Royal Aegis'),
(3, 'Pat', 11, 8, 'Dragonrider (Cheese)\r\nThe Pursuer (Cheese)\r\nRuin Sentinels (wegen Biber)\r\nScorpioness Najka\r\nMytha the Baneful Queen\r\nSmelter Demon\r\nOld Iron King\r\nProwling Magus & Congregation\r\nThe Duke''s Dear Freja\r\nLooking Glass Knight\r\nGuardian Dragon '),
(4, 'Bonfire', 5, 4, 'Rotten\r\nRotten +1\r\nRotten +2\r\nRotten +3\r\nRotten +4');

-- --------------------------------------------------------

--
-- Tabellenstruktur für Tabelle `mobs`
--

CREATE TABLE `mobs` (
  `ID` int(10) NOT NULL,
  `name` varchar(255) NOT NULL
) ENGINE=InnoDB DEFAULT CHARSET=utf8;

--
-- Daten für Tabelle `mobs`
--

INSERT INTO `mobs` (`ID`, `name`) VALUES
(1, 'Ohne Schild'),
(2, 'Ohne Flask'),
(3, 'Ohne Rüstung'),
(4, 'Fatroll'),
(5, 'Parry/Lumbe'),
(6, 'Waffe linke Hand'),
(7, 'Nur RT'),
(8, 'No Crit'),
(9, 'Crap Waffe'),
(10, 'Ohne Ringe'),
(11, 'Ohne Alles'),
(12, 'Crap Ringe'),
(13, 'No Hit Run'),
(14, 'Kill on sight'),
(15, 'No Dodge/Run'),
(16, 'Normal'),
(17, 'Normal'),
(18, 'Zufällige Waffe'),
(19, 'Zufällige Waffe'),
(20, 'Zufällige Waffe');

-- --------------------------------------------------------

--
-- Tabellenstruktur für Tabelle `rolls`
--

CREATE TABLE `rolls` (
  `ID` int(10) NOT NULL,
  `date` datetime NOT NULL,
  `IP` varchar(255) NOT NULL,
  `mobs` tinyint(1) NOT NULL,
  `boss` tinyint(1) NOT NULL
) ENGINE=InnoDB DEFAULT CHARSET=utf8;

--
-- Daten für Tabelle `rolls`
--

INSERT INTO `rolls` (`ID`, `date`, `IP`, `mobs`, `boss`) VALUES
(1, '2018-02-07 00:00:00', '95.90.230.49', 9, 1),
(2, '2018-02-07 00:00:00', '95.90.230.49', 7, 6),
(3, '2018-02-07 10:27:33', '95.90.230.49', 10, 1),
(4, '2018-02-07 10:47:44', '95.90.230.49', 15, 4),
(5, '2018-02-07 10:47:45', '95.90.230.49', 1, 9),
(6, '2018-02-07 10:47:47', '95.90.230.49', 11, 3),
(7, '2018-02-07 11:02:04', '95.90.230.49', 3, 9),
(8, '2018-02-07 11:03:51', '95.90.230.49', 16, 11),
(9, '2018-02-07 11:03:54', '95.90.230.49', 2, 5),
(10, '2018-02-07 11:06:18', '95.90.230.49', 17, 8),
(11, '2018-02-07 11:06:50', '95.90.230.49', 15, 11),
(12, '2018-02-07 11:11:00', '95.90.230.49', 16, 2),
(13, '2018-02-07 11:12:05', '95.90.230.49', 14, 8),
(14, '2018-02-07 11:12:06', '95.90.230.49', 8, 7),
(15, '2018-02-07 11:12:06', '95.90.230.49', 17, 8),
(16, '2018-02-07 11:12:06', '95.90.230.49', 16, 8),
(17, '2018-02-07 11:12:06', '95.90.230.49', 19, 9),
(18, '2018-02-07 11:12:06', '95.90.230.49', 14, 6),
(19, '2018-02-07 11:12:29', '95.90.230.49', 5, 2),
(20, '2018-02-07 11:13:09', '95.90.230.49', 14, 6),
(21, '2018-02-07 11:13:22', '95.90.230.49', 1, 8),
(22, '2018-02-07 11:13:43', '95.90.230.49', 15, 12),
(23, '2018-02-07 11:13:48', '95.90.230.49', 14, 12),
(24, '2018-02-07 11:17:42', '95.90.230.49', 10, 5),
(25, '2018-02-07 11:17:49', '95.90.230.49', 14, 6),
(26, '2018-02-07 11:26:50', '95.90.230.49', 1, 3),
(27, '2018-02-07 11:26:51', '95.90.230.49', 18, 10),
(28, '2018-02-07 11:29:20', '95.90.230.49', 9, 3),
(29, '2018-02-07 11:29:21', '95.90.230.49', 14, 6),
(30, '2018-02-07 11:29:22', '95.90.230.49', 11, 1),
(31, '2018-02-07 13:11:59', '95.90.230.49', 11, 3),
(32, '2018-02-07 15:00:34', '2a02:810b:c540:5fb4:f482:6173:fa60:eb4f', 9, 4),
(33, '2018-02-07 22:33:24', '95.90.230.49', 16, 11),
(34, '2018-02-07 22:35:15', '95.90.230.49', 18, 7),
(35, '2018-02-07 22:44:55', '95.90.230.49', 13, 2),
(36, '2018-02-07 23:10:53', '95.90.230.49', 16, 3),
(37, '2018-02-07 23:12:59', '95.90.230.49', 8, 11),
(38, '2018-02-07 23:13:00', '95.90.230.49', 9, 10),
(39, '2018-02-07 23:13:00', '95.90.230.49', 2, 9),
(40, '2018-02-07 23:13:01', '95.90.230.49', 13, 11),
(41, '2018-02-07 23:13:03', '95.90.230.49', 6, 4),
(42, '2018-02-07 23:13:04', '95.90.230.49', 3, 6),
(43, '2018-02-07 23:13:05', '95.90.230.49', 12, 1),
(44, '2018-02-07 23:13:05', '95.90.230.49', 4, 6),
(45, '2018-02-07 23:13:06', '95.90.230.49', 10, 2),
(46, '2018-02-07 23:13:07', '95.90.230.49', 20, 12),
(47, '2018-02-08 04:56:24', '37.204.85.188', 12, 7),
(48, '2018-02-08 10:24:18', '94.180.221.236', 3, 10),
(49, '2018-02-08 10:33:48', '5.228.95.161', 1, 12),
(50, '2018-02-08 11:42:55', '95.90.230.5', 18, 12),
(51, '2018-02-08 11:46:44', '95.90.230.5', 3, 9),
(52, '2018-02-08 11:47:52', '95.90.230.5', 6, 12),
(53, '2018-02-08 11:47:52', '95.90.230.5', 11, 6),
(54, '2018-02-08 11:47:53', '95.90.230.5', 14, 5),
(55, '2018-02-08 11:48:31', '95.90.230.5', 6, 7),
(56, '2018-02-08 11:48:31', '95.90.230.5', 20, 4),
(57, '2018-02-08 11:48:32', '95.90.230.5', 9, 12),
(58, '2018-02-08 11:48:42', '95.90.230.5', 5, 8),
(59, '2018-02-08 11:48:58', '95.90.230.5', 9, 4),
(60, '2018-02-08 11:50:27', '95.90.230.5', 12, 1),
(61, '2018-02-08 11:50:28', '95.90.230.5', 8, 3),
(62, '2018-02-08 11:50:28', '95.90.230.5', 20, 7),
(63, '2018-02-08 11:50:28', '95.90.230.5', 2, 6),
(64, '2018-02-08 11:50:28', '95.90.230.5', 8, 7),
(65, '2018-02-08 11:50:29', '95.90.230.5', 10, 9),
(66, '2018-02-08 11:50:29', '95.90.230.5', 12, 12),
(67, '2018-02-08 11:50:29', '95.90.230.5', 16, 12),
(68, '2018-02-08 11:50:41', '95.90.230.5', 15, 3),
(69, '2018-02-08 11:51:06', '95.90.230.5', 14, 8),
(70, '2018-02-08 11:51:07', '95.90.230.5', 20, 7),
(71, '2018-02-08 11:51:07', '95.90.230.5', 1, 1),
(72, '2018-02-08 11:51:07', '95.90.230.5', 1, 9),
(73, '2018-02-08 11:52:41', '95.90.230.5', 19, 10),
(74, '2018-02-08 11:53:18', '95.90.230.5', 13, 6),
(75, '2018-02-08 11:53:19', '95.90.230.5', 1, 12),
(76, '2018-02-08 11:53:19', '95.90.230.5', 3, 5),
(77, '2018-02-08 11:54:18', '95.90.230.5', 10, 1),
(78, '2018-02-08 11:54:18', '95.90.230.5', 2, 6),
(79, '2018-02-08 11:54:18', '95.90.230.5', 3, 2),
(80, '2018-02-08 11:54:19', '95.90.230.5', 1, 11),
(81, '2018-02-08 11:55:45', '95.90.230.5', 4, 11),
(82, '2018-02-08 11:55:46', '95.90.230.5', 2, 10),
(83, '2018-02-08 11:55:46', '95.90.230.5', 6, 3),
(84, '2018-02-08 13:15:31', '95.90.230.5', 1, 8),
(85, '2018-02-08 13:16:03', '95.90.230.5', 13, 12),
(86, '2018-02-08 13:16:16', '95.90.230.5', 16, 10),
(87, '2018-02-08 13:42:05', '95.90.230.5', 16, 12),
(88, '2018-02-08 13:42:07', '95.90.230.5', 9, 11),
(89, '2018-02-08 13:42:30', '95.90.230.5', 8, 10),
(90, '2018-02-08 13:42:31', '95.90.230.5', 17, 11),
(91, '2018-02-08 13:42:32', '95.90.230.5', 15, 4),
(92, '2018-02-08 13:43:03', '95.90.230.5', 1, 12),
(93, '2018-02-08 13:43:04', '95.90.230.5', 4, 11),
(94, '2018-02-08 13:43:04', '95.90.230.5', 3, 9),
(95, '2018-02-08 13:43:04', '95.90.230.5', 17, 3),
(96, '2018-02-08 13:44:00', '95.90.230.5', 18, 12),
(97, '2018-02-08 13:44:00', '95.90.230.5', 8, 11),
(98, '2018-02-08 13:44:48', '95.90.230.5', 7, 9),
(99, '2018-02-08 13:44:48', '95.90.230.5', 13, 9),
(100, '2018-02-08 13:44:48', '95.90.230.5', 19, 4),
(101, '2018-02-08 13:45:19', '95.90.230.5', 4, 7),
(102, '2018-02-08 13:45:19', '95.90.230.5', 7, 1),
(103, '2018-02-08 13:45:22', '95.90.230.5', 2, 11),
(104, '2018-02-08 13:45:22', '95.90.230.5', 18, 5),
(105, '2018-02-08 13:46:06', '95.90.230.5', 7, 2),
(106, '2018-02-08 13:46:09', '95.90.230.5', 6, 2),
(107, '2018-02-08 13:46:10', '95.90.230.5', 2, 7),
(108, '2018-02-08 13:48:48', '95.90.230.5', 18, 10),
(109, '2018-02-08 13:48:49', '95.90.230.5', 3, 11),
(110, '2018-02-08 13:48:50', '95.90.230.5', 14, 2),
(111, '2018-02-08 13:48:54', '95.90.230.5', 13, 4),
(112, '2018-02-08 13:50:23', '95.90.230.5', 19, 3),
(113, '2018-02-08 13:51:13', '95.90.230.5', 4, 7),
(114, '2018-02-08 13:51:43', '95.90.230.5', 11, 3),
(115, '2018-02-08 13:53:06', '95.90.230.5', 14, 3),
(116, '2018-02-08 14:18:08', '95.90.230.5', 17, 3),
(117, '2018-02-08 14:18:17', '95.90.230.5', 3, 8),
(118, '2018-02-08 14:19:02', '95.90.230.5', 13, 4),
(119, '2018-02-08 15:18:24', '95.90.230.5', 15, 6),
(120, '2018-02-08 15:23:20', '95.90.230.5', 18, 8),
(121, '2018-02-08 15:23:26', '95.90.230.5', 4, 9),
(122, '2018-02-08 15:23:36', '95.90.230.5', 2, 4),
(123, '2018-02-08 15:24:44', '95.90.230.5', 11, 5),
(124, '2018-02-08 15:26:06', '2a02:810b:c940:261c:c424:c9c5:34b1:d600', 2, 9),
(125, '2018-02-08 15:26:06', '2a02:810b:c940:261c:c424:c9c5:34b1:d600', 19, 2),
(126, '2018-02-08 15:27:53', '66.249.81.76', 2, 4),
(127, '2018-02-08 15:27:55', '66.102.8.206', 6, 5),
(128, '2018-02-08 15:27:56', '66.249.81.80', 19, 12),
(129, '2018-02-08 15:27:59', '66.249.81.80', 9, 11),
(130, '2018-02-08 15:27:59', '66.102.8.204', 6, 8),
(131, '2018-02-08 15:28:03', '209.85.238.12', 1, 5),
(132, '2018-02-08 15:28:11', '209.85.238.12', 4, 2),
(133, '2018-02-08 15:34:25', '95.90.230.5', 16, 7),
(134, '2018-02-08 15:34:28', '95.90.230.5', 1, 1),
(135, '2018-02-08 15:34:29', '95.90.230.5', 2, 6),
(136, '2018-02-08 15:41:37', '2a02:810b:c540:5fb4:e5f3:61db:b6f:712a', 15, 1),
(137, '2018-02-08 15:46:13', '95.90.230.5', 2, 8),
(138, '2018-02-08 15:46:44', '95.90.230.5', 18, 12),
(139, '2018-02-08 15:46:47', '95.90.230.5', 17, 7),
(140, '2018-02-08 15:46:56', '95.90.230.5', 2, 4),
(141, '2018-02-08 15:46:57', '95.90.230.5', 11, 9),
(142, '2018-02-08 15:47:00', '95.90.230.5', 8, 12),
(143, '2018-02-08 15:47:36', '95.90.230.5', 5, 5),
(144, '2018-02-08 15:47:44', '95.90.230.5', 10, 1),
(145, '2018-02-08 15:47:47', '95.90.230.5', 16, 3),
(146, '2018-02-08 15:47:53', '95.90.230.5', 11, 4),
(147, '2018-02-08 15:50:03', '95.90.230.5', 12, 9),
(148, '2018-02-08 15:50:26', '95.90.230.5', 16, 5),
(149, '2018-02-08 15:50:28', '95.90.230.5', 15, 7),
(150, '2018-02-08 15:52:08', '95.90.230.5', 10, 7),
(151, '2018-02-08 15:52:24', '95.90.230.5', 13, 7),
(152, '2018-02-08 15:55:19', '95.90.230.5', 2, 6),
(153, '2018-02-08 15:57:38', '95.90.230.5', 14, 12),
(154, '2018-02-08 16:05:39', '18.196.100.142', 8, 5),
(155, '2018-02-08 16:06:05', '18.196.100.142', 13, 11),
(156, '2018-02-08 16:06:33', '18.196.100.142', 19, 5),
(157, '2018-02-08 16:15:24', '95.90.230.5', 3, 9),
(158, '2018-02-08 16:16:46', '95.90.230.5', 1, 2),
(159, '2018-02-08 16:16:54', '95.90.230.5', 2, 3),
(160, '2018-02-08 16:17:40', '95.90.230.5', 8, 1),
(161, '2018-02-08 16:17:46', '95.90.230.5', 18, 10),
(162, '2018-02-08 16:17:47', '95.90.230.5', 3, 3),
(163, '2018-02-08 16:17:47', '95.90.230.5', 13, 7),
(164, '2018-02-08 16:17:53', '95.90.230.5', 8, 5),
(165, '2018-02-08 16:18:04', '95.90.230.5', 11, 5),
(166, '2018-02-08 16:18:04', '95.90.230.5', 16, 12),
(167, '2018-02-08 16:18:05', '95.90.230.5', 7, 2),
(168, '2018-02-08 16:18:05', '95.90.230.5', 9, 10),
(169, '2018-02-08 16:18:26', '95.90.230.5', 3, 12),
(170, '2018-02-08 16:18:32', '95.90.230.5', 10, 3),
(171, '2018-02-08 16:19:00', '95.90.230.5', 18, 3),
(172, '2018-02-08 16:20:05', '95.90.230.5', 16, 9),
(173, '2018-02-08 16:20:08', '95.90.230.5', 9, 1),
(174, '2018-02-08 16:20:10', '95.90.230.5', 6, 10),
(175, '2018-02-08 16:20:54', '95.90.230.5', 2, 11),
(176, '2018-02-08 16:20:54', '95.90.230.5', 9, 5),
(177, '2018-02-08 16:20:54', '95.90.230.5', 12, 5),
(178, '2018-02-08 16:20:55', '95.90.230.5', 19, 12),
(179, '2018-02-08 16:20:58', '95.90.230.5', 1, 11),
(180, '2018-02-08 16:20:59', '95.90.230.5', 3, 11),
(181, '2018-02-08 16:21:29', '95.90.230.5', 9, 10),
(182, '2018-02-08 16:21:29', '95.90.230.5', 17, 11),
(183, '2018-02-08 16:21:29', '95.90.230.5', 17, 6),
(184, '2018-02-08 16:21:29', '95.90.230.5', 15, 7),
(185, '2018-02-08 16:21:30', '95.90.230.5', 16, 5),
(186, '2018-02-08 16:21:30', '95.90.230.5', 16, 12),
(187, '2018-02-08 16:21:31', '95.90.230.5', 4, 4),
(188, '2018-02-08 16:21:39', '95.90.230.5', 14, 4),
(189, '2018-02-08 16:21:40', '95.90.230.5', 17, 9),
(190, '2018-02-08 16:23:48', '95.90.230.5', 2, 9),
(191, '2018-02-08 16:23:50', '95.90.230.5', 16, 9),
(192, '2018-02-08 16:24:06', '95.90.230.5', 14, 9),
(193, '2018-02-08 16:24:07', '95.90.230.5', 4, 5),
(194, '2018-02-08 16:24:07', '95.90.230.5', 13, 3),
(195, '2018-02-08 16:24:07', '95.90.230.5', 15, 9),
(196, '2018-02-08 16:24:08', '95.90.230.5', 6, 1),
(197, '2018-02-08 16:26:53', '95.90.230.5', 17, 1),
(198, '2018-02-08 16:27:01', '95.90.230.5', 20, 2),
(199, '2018-02-08 16:28:12', '95.90.230.5', 20, 4),
(200, '2018-02-08 16:28:18', '95.90.230.5', 17, 6),
(201, '2018-02-08 16:29:25', '95.90.230.5', 19, 10),
(202, '2018-02-08 16:29:26', '95.90.230.5', 12, 10),
(203, '2018-02-08 16:29:26', '95.90.230.5', 6, 4),
(204, '2018-02-08 16:29:26', '95.90.230.5', 14, 2),
(205, '2018-02-08 16:29:26', '95.90.230.5', 12, 3),
(206, '2018-02-08 16:29:30', '95.90.230.5', 2, 11),
(207, '2018-02-08 16:29:34', '95.90.230.5', 8, 6),
(208, '2018-02-08 16:29:46', '95.90.230.5', 2, 10),
(209, '2018-02-08 16:29:46', '95.90.230.5', 6, 5),
(210, '2018-02-08 16:29:46', '95.90.230.5', 1, 1),
(211, '2018-02-08 16:29:46', '95.90.230.5', 17, 5),
(212, '2018-02-08 16:29:47', '95.90.230.5', 14, 10),
(213, '2018-02-08 16:29:48', '95.90.230.5', 18, 8),
(214, '2018-02-08 16:29:51', '95.90.230.5', 2, 6),
(215, '2018-02-08 16:29:58', '95.90.230.5', 3, 3),
(216, '2018-02-08 16:30:37', '95.90.230.5', 11, 6),
(217, '2018-02-08 16:30:38', '95.90.230.5', 15, 5),
(218, '2018-02-08 16:30:38', '95.90.230.5', 16, 3),
(219, '2018-02-08 16:30:38', '95.90.230.5', 20, 2),
(220, '2018-02-08 16:30:41', '95.90.230.5', 10, 8),
(221, '2018-02-08 16:30:48', '95.90.230.5', 4, 7),
(222, '2018-02-08 16:31:59', '95.90.230.5', 1, 11),
(223, '2018-02-08 16:32:57', '95.90.230.5', 6, 2),
(224, '2018-02-08 16:32:59', '95.90.230.5', 9, 1),
(225, '2018-02-08 16:33:00', '95.90.230.5', 17, 5),
(226, '2018-02-08 16:33:06', '95.90.230.5', 4, 4),
(227, '2018-02-08 16:35:17', '95.90.230.5', 7, 9),
(228, '2018-02-08 16:35:18', '95.90.230.5', 11, 11),
(229, '2018-02-08 16:35:19', '95.90.230.5', 18, 3),
(230, '2018-02-08 16:35:25', '95.90.230.5', 17, 5),
(231, '2018-02-08 16:35:44', '95.90.230.5', 16, 10),
(232, '2018-02-08 16:36:29', '95.90.230.5', 10, 4),
(233, '2018-02-08 16:36:36', '95.90.230.5', 17, 1),
(234, '2018-02-08 16:36:51', '95.90.230.5', 5, 7),
(235, '2018-02-08 16:37:08', '95.90.230.5', 10, 1),
(236, '2018-02-08 16:37:24', '95.90.230.5', 17, 1),
(237, '2018-02-08 16:39:09', '95.90.230.5', 4, 1),
(238, '2018-02-08 16:39:18', '95.90.230.5', 20, 6),
(239, '2018-02-08 16:59:28', '95.90.230.5', 4, 9),
(240, '2018-02-08 16:59:36', '95.90.230.5', 20, 3),
(241, '2018-02-08 16:59:43', '95.90.230.5', 13, 12),
(242, '2018-02-08 16:59:48', '95.90.230.5', 6, 2),
(243, '2018-02-08 16:59:51', '95.90.230.5', 1, 11),
(244, '2018-02-08 16:59:53', '95.90.230.5', 6, 12),
(245, '2018-02-08 16:59:55', '95.90.230.5', 13, 1),
(246, '2018-02-08 16:59:57', '95.90.230.5', 19, 3),
(247, '2018-02-08 17:37:21', '95.90.230.5', 8, 7),
(248, '2018-02-08 17:37:27', '95.90.230.5', 3, 8),
(249, '2018-02-08 17:37:28', '95.90.230.5', 9, 7),
(250, '2018-02-08 17:37:29', '95.90.230.5', 15, 9),
(251, '2018-02-08 17:37:29', '95.90.230.5', 18, 8),
(252, '2018-02-08 18:48:03', '18.196.100.142', 4, 7),
(253, '2018-02-08 18:48:31', '18.196.100.142', 2, 3),
(254, '2018-02-08 18:48:56', '18.196.100.142', 5, 8),
(255, '2018-02-08 19:27:23', '35.225.199.225', 13, 8),
(256, '2018-02-08 19:27:24', '35.225.199.225', 7, 11),
(257, '2018-02-08 19:27:24', '35.225.199.225', 14, 1),
(258, '2018-02-08 19:27:24', '35.225.199.225', 12, 4),
(259, '2018-02-08 19:27:24', '35.225.199.225', 4, 11),
(260, '2018-02-08 19:27:24', '35.225.199.225', 9, 5),
(261, '2018-02-08 19:27:24', '35.225.199.225', 20, 2),
(262, '2018-02-08 19:49:01', '95.90.230.5', 4, 9),
(263, '2018-02-08 19:55:43', '95.90.230.5', 13, 4),
(264, '2018-02-08 19:55:44', '95.90.230.5', 7, 3),
(265, '2018-02-08 19:55:44', '95.90.230.5', 18, 12),
(266, '2018-02-08 19:55:44', '95.90.230.5', 1, 6),
(267, '2018-02-08 19:57:56', '95.90.230.5', 8, 7),
(268, '2018-02-08 19:57:57', '95.90.230.5', 19, 9),
(269, '2018-02-08 19:57:57', '95.90.230.5', 1, 10),
(270, '2018-02-08 19:57:57', '95.90.230.5', 13, 2),
(271, '2018-02-08 19:57:58', '95.90.230.5', 14, 9),
(272, '2018-02-08 19:57:58', '95.90.230.5', 18, 2),
(273, '2018-02-08 19:57:58', '95.90.230.5', 18, 12),
(274, '2018-02-08 19:57:58', '95.90.230.5', 9, 4),
(275, '2018-02-08 19:57:58', '95.90.230.5', 11, 2),
(276, '2018-02-08 19:57:59', '95.90.230.5', 15, 12),
(277, '2018-02-08 19:57:59', '95.90.230.5', 19, 1),
(278, '2018-02-08 19:58:04', '95.90.230.5', 7, 9),
(279, '2018-02-08 19:58:06', '95.90.230.5', 9, 4),
(280, '2018-02-08 19:58:25', '128.30.52.72', 13, 9),
(281, '2018-02-08 19:58:25', '128.30.52.73', 12, 4),
(282, '2018-02-08 19:59:44', '128.30.52.96', 16, 7),
(283, '2018-02-08 20:00:25', '95.90.230.5', 4, 1),
(284, '2018-02-08 20:02:04', '95.90.230.5', 16, 8),
(285, '2018-02-08 20:03:20', '95.90.230.5', 2, 6),
(286, '2018-02-08 20:03:21', '95.90.230.5', 17, 9),
(287, '2018-02-08 20:03:21', '95.90.230.5', 20, 10),
(288, '2018-02-08 20:03:23', '128.30.52.64', 11, 11),
(289, '2018-02-08 20:04:15', '95.90.230.5', 17, 5),
(290, '2018-02-08 20:04:15', '95.90.230.5', 1, 11),
(291, '2018-02-08 20:04:16', '95.90.230.5', 14, 7),
(292, '2018-02-08 20:04:16', '95.90.230.5', 16, 2),
(293, '2018-02-08 20:05:33', '128.30.52.64', 12, 2),
(294, '2018-02-08 20:05:34', '95.90.230.5', 16, 1),
(295, '2018-02-08 20:05:36', '95.90.230.5', 13, 6),
(296, '2018-02-08 20:05:36', '95.90.230.5', 7, 8),
(297, '2018-02-08 20:05:37', '95.90.230.5', 9, 7),
(298, '2018-02-08 20:06:28', '95.90.230.5', 11, 10),
(299, '2018-02-08 20:06:29', '95.90.230.5', 18, 5),
(300, '2018-02-08 20:06:30', '95.90.230.5', 11, 1),
(301, '2018-02-08 20:07:04', '95.90.230.5', 14, 10),
(302, '2018-02-08 20:08:59', '95.90.230.5', 12, 4),
(303, '2018-02-08 20:09:03', '95.90.230.5', 17, 12),
(304, '2018-02-08 20:09:04', '95.90.230.5', 11, 8),
(305, '2018-02-08 20:09:05', '95.90.230.5', 18, 2),
(306, '2018-02-08 20:10:08', '95.90.230.5', 12, 12),
(307, '2018-02-08 20:10:12', '95.90.230.5', 12, 3),
(308, '2018-02-08 20:10:25', '128.30.52.134', 4, 6),
(309, '2018-02-08 20:10:26', '128.30.52.72', 8, 4),
(310, '2018-02-08 20:10:26', '128.30.52.134', 9, 5),
(311, '2018-02-08 20:11:24', '95.90.230.5', 14, 12),
(312, '2018-02-08 20:11:39', '95.90.230.5', 4, 4),
(313, '2018-02-08 20:11:39', '95.90.230.5', 20, 5),
(314, '2018-02-08 20:11:42', '95.90.230.5', 17, 1),
(315, '2018-02-08 20:14:37', '95.90.230.5', 3, 10),
(316, '2018-02-08 20:14:40', '95.90.230.5', 3, 12),
(317, '2018-02-08 20:14:41', '95.90.230.5', 9, 5),
(318, '2018-02-08 20:14:43', '95.90.230.5', 2, 2),
(319, '2018-02-08 20:14:47', '128.30.52.134', 10, 10),
(320, '2018-02-08 20:15:05', '128.30.52.97', 10, 10),
(321, '2018-02-08 20:15:38', '95.90.230.5', 11, 10),
(322, '2018-02-08 20:16:19', '72.66.115.14', 2, 4),
(323, '2018-02-08 20:16:52', '104.154.31.208', 10, 6),
(324, '2018-02-08 20:16:53', '104.154.31.208', 10, 9),
(325, '2018-02-08 20:16:53', '104.154.31.208', 5, 1),
(326, '2018-02-08 20:16:53', '104.154.31.208', 1, 1),
(327, '2018-02-08 20:16:53', '104.154.31.208', 2, 6),
(328, '2018-02-08 20:16:53', '104.154.31.208', 16, 4),
(329, '2018-02-08 20:16:53', '104.154.31.208', 10, 6),
(330, '2018-02-08 20:19:26', '95.90.230.5', 14, 3),
(331, '2018-02-08 20:24:27', '95.90.230.5', 12, 7),
(332, '2018-02-08 20:24:31', '95.90.230.5', 10, 7),
(333, '2018-02-08 20:24:33', '95.90.230.5', 10, 7),
(334, '2018-02-08 20:25:06', '95.90.230.5', 14, 10),
(335, '2018-02-08 20:25:08', '95.90.230.5', 9, 2),
(336, '2018-02-08 20:31:09', '95.90.230.5', 19, 2),
(337, '2018-02-08 20:31:44', '95.90.230.5', 2, 3),
(338, '2018-02-08 20:33:39', '95.90.230.5', 1, 3),
(339, '2018-02-08 20:33:41', '95.90.230.5', 15, 1),
(340, '2018-02-08 20:33:42', '95.90.230.5', 10, 11),
(341, '2018-02-08 20:33:44', '95.90.230.5', 1, 2),
(342, '2018-02-08 20:33:45', '95.90.230.5', 15, 10),
(343, '2018-02-08 20:34:21', '95.90.230.5', 18, 3),
(344, '2018-02-08 20:34:22', '95.90.230.5', 15, 12),
(345, '2018-02-08 20:34:23', '95.90.230.5', 6, 3),
(346, '2018-02-08 20:34:25', '95.90.230.5', 11, 12),
(347, '2018-02-08 20:34:27', '95.90.230.5', 5, 11),
(348, '2018-02-08 20:35:35', '95.90.230.5', 9, 10),
(349, '2018-02-08 20:35:36', '95.90.230.5', 1, 1),
(350, '2018-02-08 20:35:37', '95.90.230.5', 7, 7),
(351, '2018-02-08 20:35:38', '95.90.230.5', 3, 5),
(352, '2018-02-08 20:35:39', '95.90.230.5', 16, 12),
(353, '2018-02-08 20:35:56', '95.90.230.5', 10, 6),
(354, '2018-02-08 20:35:56', '95.90.230.5', 16, 11),
(355, '2018-02-08 20:35:57', '95.90.230.5', 12, 4),
(356, '2018-02-08 20:37:41', '95.90.230.5', 2, 10),
(357, '2018-02-08 20:45:06', '95.90.230.5', 20, 4),
(358, '2018-02-08 20:50:06', '95.90.230.5', 6, 8),
(359, '2018-02-08 20:51:28', '95.90.230.5', 4, 5),
(360, '2018-02-08 20:52:17', '95.90.230.5', 4, 11),
(361, '2018-02-08 20:52:32', '95.90.230.5', 11, 4),
(362, '2018-02-08 20:54:41', '95.90.230.5', 20, 10),
(363, '2018-02-08 20:57:48', '95.90.230.5', 7, 5),
(364, '2018-02-08 21:00:38', '95.90.230.5', 10, 9),
(365, '2018-02-08 21:07:44', '95.90.230.5', 12, 5),
(366, '2018-02-08 21:09:04', '95.90.230.5', 14, 10),
(367, '2018-02-08 21:59:23', '95.90.230.5', 17, 1),
(368, '2018-02-08 21:59:29', '95.90.230.5', 18, 12),
(369, '2018-02-08 21:59:51', '95.90.230.5', 12, 7),
(370, '2018-02-08 21:59:58', '95.90.230.5', 15, 1),
(371, '2018-02-08 22:00:14', '95.90.230.5', 5, 4),
(372, '2018-02-08 22:00:18', '95.90.230.5', 15, 2),
(373, '2018-02-08 22:00:24', '95.90.230.5', 16, 12),
(374, '2018-02-08 22:00:37', '95.90.230.5', 17, 8),
(375, '2018-02-08 22:00:53', '95.90.230.5', 7, 10),
(376, '2018-02-08 22:01:34', '95.90.230.5', 7, 11),
(377, '2018-02-08 22:50:21', '95.90.230.5', 10, 2),
(378, '2018-02-09 08:50:54', '95.90.230.5', 11, 8),
(379, '2018-02-09 09:58:04', '95.90.230.5', 1, 6),
(380, '2018-02-09 09:58:20', '95.90.230.5', 11, 8),
(381, '2018-02-09 09:58:21', '95.90.230.5', 20, 6),
(382, '2018-02-09 09:58:21', '95.90.230.5', 16, 11),
(383, '2018-02-09 10:12:55', '95.90.230.5', 13, 11),
(384, '2018-02-09 10:13:44', '95.90.230.5', 4, 3),
(385, '2018-02-09 10:14:09', '95.90.230.5', 11, 12),
(386, '2018-02-09 10:15:29', '95.90.230.5', 8, 9),
(387, '2018-02-09 10:15:31', '95.90.230.5', 5, 11),
(388, '2018-02-09 10:18:36', '95.90.230.5', 17, 6),
(389, '2018-02-09 10:23:29', '95.90.230.5', 6, 10),
(390, '2018-02-09 10:23:32', '95.90.230.5', 8, 12),
(391, '2018-02-09 10:23:34', '95.90.230.5', 3, 10);

-- --------------------------------------------------------

--
-- Tabellenstruktur für Tabelle `weapons`
--

CREATE TABLE `weapons` (
  `ID` int(10) NOT NULL,
  `name` varchar(255) NOT NULL
) ENGINE=InnoDB DEFAULT CHARSET=utf8;

--
-- Daten für Tabelle `weapons`
--

INSERT INTO `weapons` (`ID`, `name`) VALUES
(1, 'Gyrm Axe'),
(2, 'Flamberge'),
(3, 'Bluemoon Greatsword'),
(4, 'Mastadon Greatsword'),
(5, 'Lucerne'),
(6, 'Sentier''s Spear'),
(7, 'Battle Axe'),
(8, 'Craftman''s Hammer'),
(9, 'Uchigatana'),
(10, 'Large Club'),
(11, 'Pat''s Spear'),
(12, 'Old Knight Halberd'),
(13, 'Murokumo'),
(14, 'Dark Scythe'),
(15, 'Old Knight Pike'),
(16, 'Royal Greatsword'),
(17, 'Malformed Skull'),
(18, 'Drakewing Ultra Greatsword'),
(19, 'Great Scythe'),
(20, 'Black Knight Halberd');

--
-- Indizes der exportierten Tabellen
--

--
-- Indizes für die Tabelle `boss`
--
ALTER TABLE `boss`
  ADD PRIMARY KEY (`ID`);

--
-- Indizes für die Tabelle `mobs`
--
ALTER TABLE `mobs`
  ADD PRIMARY KEY (`ID`);

--
-- Indizes für die Tabelle `rolls`
--
ALTER TABLE `rolls`
  ADD PRIMARY KEY (`ID`);

--
-- Indizes für die Tabelle `weapons`
--
ALTER TABLE `weapons`
  ADD PRIMARY KEY (`ID`);

--
-- AUTO_INCREMENT für exportierte Tabellen
--

--
-- AUTO_INCREMENT für Tabelle `boss`
--
ALTER TABLE `boss`
  MODIFY `ID` int(10) NOT NULL AUTO_INCREMENT, AUTO_INCREMENT=13;
--
-- AUTO_INCREMENT für Tabelle `mobs`
--
ALTER TABLE `mobs`
  MODIFY `ID` int(10) NOT NULL AUTO_INCREMENT, AUTO_INCREMENT=21;
--
-- AUTO_INCREMENT für Tabelle `rolls`
--
ALTER TABLE `rolls`
  MODIFY `ID` int(10) NOT NULL AUTO_INCREMENT, AUTO_INCREMENT=392;
--
-- AUTO_INCREMENT für Tabelle `weapons`
--
ALTER TABLE `weapons`
  MODIFY `ID` int(10) NOT NULL AUTO_INCREMENT, AUTO_INCREMENT=21;
/*!40101 SET CHARACTER_SET_CLIENT=@OLD_CHARACTER_SET_CLIENT */;
/*!40101 SET CHARACTER_SET_RESULTS=@OLD_CHARACTER_SET_RESULTS */;
/*!40101 SET COLLATION_CONNECTION=@OLD_COLLATION_CONNECTION */;
